"ID","NAME"
1,"Wrocław"
21,"Łęczna"
349,"Katowice"
350,"Ostrów Wielkopolski"
351,"Staszów"
352,"Sanok"
353,"Bełchatów"
354,"Gdańsk"
355,"Elbląg"
356,"Andrespol"
357,"Siedlce"
358,"Zielonki "
359,"Ruda Śląska"
360,"Słońsk"
361,"Szczecin"
362,"Tychy"
363,"Gdynia"
364,"Otwock"
365,"Stargard"
366,"Miedziana Góra "
367,"Bełchatów"
368,"Krasnystaw"
369,"Augustów"
370,"Miedziana Góra "
371,"Hajnówka"
372,"Lubartów"
373,"Tłuszcz"
374,"Bytom"
375,"Małkinia Górna "
376,"Końskie"
377,"Nowy Sącz"
378,"Konin"
379,"Namysłów"
380,"Krasnystaw"
381,"Zgierz"
382,"Sandomierz"
383,"Kalisz"
384,"Tarnów"
385,"Białystok"
386,"Szczecin"
387,"Sieradz"
388,"Włocławek"
389,"Sosnowiec"
390,"Chojnice"
391,"Prudnik"
392,"Bydgoszcz"
393,"Płock"
394,"Rumia"
395,"Tarnów"
396,"Tarnów"
397,"Kostrzyn"
398,"Iława"
399,"Słubice"
400,"Bielsk Podlaski"
401,"Toruń"
402,"Radomsko"
403,"Bielsko-Biała"
404,"Elbląg"
405,"Bieliny"
406,"Skierniewice"
407,"Brzeg"
408,"Kurzętnik  "
409,"Szczecin"
410,"Bytom"
411,"Rypin "
412,"Świdnica"
413,"Biała Podlaska"
414,"Tczew"
415,"Police"
416,"Rypin "
417,"Tomaszów Mazowiecki"
418,"Rokietnica  "
419,"Chrzanów"
420,"Rawicz"
421,"Tomaszów Mazowiecki"
422,"Dęblin"
423,"Wieliczka"
424,"Gorzyce  "
425,"Słupsk"
426,"Olesno"
427,"Kętrzyn"
428,"Kozy  "
429,"Gdynia"
430,"Legnica"
431,"Ruda Śląska"
432,"Kielce"
433,"Konin"
434,"Bolesławiec"
435,"Unisław "
436,"Mońki"
437,"Międzyrzecz"
438,"Pawłowice"
439,"Działdowo"
440,"Legionowo"
441,"Gdańsk"
442,"Zambrów"
443,"Wałbrzych"
444,"Kętrzyn"
445,"Ostróda"
446,"Gródek "
447,"Miedziana Góra "
448,"Koszalin"
449,"Bolesławiec"
450,"Dobrzeń Wielki "
451,"Nakło nad Notecią"
452,"Płock"
453,"Dębica"
454,"Małkinia Górna "
455,"Lisia Góra "
456,"Kluczbork"
457,"Sierakowice  "
458,"Police"
459,"Kalisz"
460,"Świdnica"
461,"Gubin"
462,"Strzelce Opolskie"
463,"Puławy"
464,"Zamość"
465,"Łowicz"
466,"Tomaszów Mazowiecki"
467,"Rzeszów"
468,"Katowice"
469,"Zambrów"
470,"Police"
471,"Stalowa Wola"
472,"Rypin "
473,"Gdańsk"
474,"Kostrzyn"
475,"Radomsko"
476,"Hajnówka"
477,"Toruń"
478,"Rokietnica  "
479,"Tłuszcz"
480,"Zielona Góra"
481,"Bełchatów"
482,"Nowogard"
483,"Zakopane"
484,"Kraśnik"
485,"Stargard"
486,"Łódź"
487,"Brodnica"
488,"Świeszyno "
489,"Oleśnica"
490,"Mińsk Mazowiecki"
491,"Kalisz"
492,"Sieradz"
493,"Łowicz"
494,"Rzeszów"
495,"Chełm "
496,"Pawłowice"
497,"Opole"
498,"Sierakowice  "
499,"Radomsko"
500,"Stalowa Wola"
501,"Chojnice"
502,"Zielona Góra"
503,"Puławy"
504,"Grajewo"
505,"Łowicz"
506,"Działdowo"
507,"Bieliny"
508,"Sieradz"
509,"Skierniewice"
510,"Lubin"
511,"Żagań "
512,"Kalisz"
513,"Kędzierzyn-Koźle"
514,"Białystok"
515,"Lubin"
516,"Koszalin"
517,"Krasnystaw"
518,"Skierniewice"
519,"Mińsk Mazowiecki"
520,"Lubartów"
521,"Dobrzeń Wielki "
522,"Hrubieszów"
523,"Końskie"
524,"Lubartów"
525,"Chrzanów"
526,"Chełm "
527,"Długołęka"
528,"Krosno"
529,"Krasnystaw"
530,"Bielsko-Biała"
531,"Katowice"
532,"Goleniów"
533,"Grudziądz"
534,"Hrubieszów"
535,"Kurzętnik  "
536,"Ostróda"
537,"Brzeg"
538,"Staszów"
539,"Dębica"
540,"Krasne  "
541,"Kętrzyn"
542,"Małkinia Górna "
543,"Starogard Gdański"
544,"Bełchatów"
545,"Rokietnica  "
546,"Ustronie Morskie"
547,"Mońki"
548,"Chrzanów"
549,"Gorzów Wielkopolski"
550,"Dęblin"
551,"Łęczna"
552,"Wejherowo"
553,"Rokietnica  "
554,"Andrespol"
555,"Kraków"
556,"Chełm "
557,"Gubin"
558,"Sieradz"
559,"Gorlice"
560,"Ksawerów  "
561,"Lubin"
562,"Ostróda"
563,"Gdańsk"
564,"Police"
565,"Chełm "
566,"Słupsk"
567,"Białystok"
568,"Września"
569,"Łowicz"
570,"Oleśnica"
571,"Reda"
572,"Kraków"
573,"Olesno"
574,"Krasne  "
575,"Ełk"
576,"Staszów"
577,"Olesno"
578,"Jarosław"
579,"Luzino  "
580,"Tomaszów Mazowiecki"
581,"Gdynia"
582,"Nowy Targ"
583,"Miedziana Góra "
584,"Lubin"
585,"Świecie"
586,"Kluczbork"
587,"Opole"
588,"Sosnowiec"
589,"Żagań "
590,"Łomża"
591,"Bielsko-Biała"
592,"Nowy Targ"
593,"Wrocław"
594,"Stargard"
595,"Biała Podlaska"
596,"Siedlce"
597,"Sulechów"
598,"Zgierz"
599,"Szczytno"
600,"Żagań "
601,"Szczytno"
602,"Skierniewice"
603,"Skarżysko-Kamienna"
604,"Wejherowo"
605,"Sopot"
606,"Małkinia Górna "
607,"Tarnów"
608,"Tychy"
609,"Koszalin"
610,"Rumia"
611,"Sławno"
612,"Elbląg"
613,"Otwock"
614,"Kętrzyn"
615,"Zakopane"
616,"Oświęcim"
617,"Dęblin"
618,"Kluczbork"
619,"Zielona Góra"
620,"Tarnów Opolski "
621,"Bolesławiec"
622,"Busko-Zdrój"
623,"Września"
624,"Przytoczna"
625,"Oleśnica"
626,"Radomsko"
627,"Niemce"
628,"Legnica"
629,"Augustów"
630,"Sanok"
631,"Kutno"
632,"Oświęcim"
633,"Ełk"
634,"Świeszyno "
635,"Olsztyn"
636,"Jelenia Góra"
637,"Siemiatycze"
638,"Śrem"
639,"Łódź"
640,"Gryfino"
641,"Luzino  "
642,"Unisław "
643,"Olesno"
644,"Dęblin"
645,"Bieliny"
646,"Hajnówka"
647,"Września"
648,"Gorzyce  "
649,"Tychy"
650,"Hrubieszów"
651,"Unisław "
652,"Kostrzyn"
653,"Miedziana Góra "
654,"Świnoujście"
655,"Nysa"
656,"Września"
657,"Sulechów"
658,"Unisław "
659,"Aleksandrów"
660,"Oława"
661,"Radom"
662,"Ustronie Morskie"
663,"Jarosław"
664,"Piotrków Trybunalski"
665,"Oława"
666,"Gorlice"
667,"Częstochowa"
668,"Przemyśl"
669,"Chełmno"
670,"Łowicz"
671,"Zakopane"
672,"Tarnobrzeg"
673,"Iława"
674,"Chojnice"
675,"Końskie"
676,"Piła"
677,"Kołobrzeg"
678,"Pruszków"
679,"Piaseczno"
680,"Krosno"
681,"Sierakowice  "
682,"Świnoujście"
683,"Pawłowice"
684,"Poznań"
685,"Piaseczno"
686,"Łódź"
687,"Dobrzeń Wielki "
688,"Nowa Sól"
689,"Ostrów Wielkopolski"
690,"Śrem"
691,"Koszalin"
692,"Zielonki "
693,"Nowa Sól"
694,"Ruda Śląska"
695,"Przemyśl"
696,"Dębica"
697,"Zakopane"
698,"Ełk"
699,"Lisia Góra "
700,"Międzyrzecz"
701,"Lidzbark Warmiński"
702,"Legnica"
703,"Grudziądz"
704,"Suwałki"
705,"Kurzętnik  "
706,"Legnica"
707,"Nakło nad Notecią"
708,"Pawłowice"
709,"Gorzów Wielkopolski"
710,"Radom"
711,"Kraśnik"
712,"Andrespol"
713,"Ostróda"
714,"Ruda Śląska"
715,"Gubin"
716,"Suwałki"
717,"Unisław "
718,"Koszalin"
719,"Sieradz"
720,"Ksawerów  "
721,"Puławy"
722,"Stargard"
723,"Brzeg"
724,"Olsztyn"
725,"Długołęka"
726,"Bytom"
727,"Tomaszów Mazowiecki"
728,"Katowice"
729,"Białystok"
730,"Radomsko"
731,"Police"
732,"Kędzierzyn-Koźle"
733,"Ostrowiec Świętokrzyski"
734,"Sosnowiec"
735,"Lubartów"
736,"Sierakowice  "
737,"Działdowo"
738,"Gdańsk"
739,"Nysa"
740,"Pińczów"
741,"Grajewo"
742,"Gorlice"
743,"Kostrzyn"
744,"Opole"
745,"Miedziana Góra "
746,"Zgierz"
747,"Sieradz"
748,"Kurzętnik  "
749,"Rzeszów"
750,"Kielce"
751,"Rumia"
752,"Radom"
753,"Czernikowo "
754,"Kraśnik"
755,"Kraśnik"
756,"Tarnów Opolski "
757,"Sandomierz"
758,"Sieradz"
759,"Starachowice"
760,"Płock"
761,"Andrespol"
762,"Przemyśl"
763,"Aleksandrów"
764,"Nowy Sącz"
765,"Krasnystaw"
766,"Ustronie Morskie"
767,"Płock"
768,"Zamość"
769,"Poznań"
770,"Rypin "
771,"Ksawerów  "
772,"Łódź"
773,"Kluczbork"
774,"Nowy Targ"
775,"Mińsk Mazowiecki"
776,"Krosno"
777,"Łomża"
778,"Sanok"
779,"Suwałki"
780,"Gdynia"
781,"Kluczbork"
782,"Suwałki"
783,"Radomsko"
784,"Brzeg"
785,"Gliwice"
786,"Staszów"
787,"Andrespol"
788,"Ełk"
789,"Busko-Zdrój"
790,"Kraśnik"
791,"Sulechów"
792,"Bełchatów"
793,"Kołobrzeg"
794,"Łomża"
795,"Mońki"
796,"Iława"
797,"Tarnów Opolski "
798,"Gorzów Wielkopolski"
799,"Przemyśl"
800,"Niemce"
801,"Jasło"
802,"Iława"
803,"Gorzyce  "
804,"Kędzierzyn-Koźle"
805,"Raczki  "
806,"Radom"
807,"Dywity  "
808,"Oświęcim"
809,"Zielona Góra"
810,"Pruszków"
811,"Jabłonna  "
812,"Ksawerów  "
813,"Mińsk Mazowiecki"
814,"Legionowo"
815,"Kozy  "
41,"Wrocław"
42,"Gliwice"
43,"Krosno"
44,"Brzeg"
45,"Rawicz"
46,"Kołobrzeg"
47,"Komorniki  "
48,"Police"
49,"Ustronie Morskie"
50,"Chrzanów"
51,"Żagań "
52,"Goleniów"
53,"Zakopane"
54,"Raczki  "
55,"Zielona Góra"
56,"Ustronie Morskie"
57,"Aleksandrów"
58,"Kluczbork"
59,"Małkinia Górna "
60,"Inowrocław "
61,"Bydgoszcz"
62,"Grudziądz"
63,"Olsztyn"
64,"Wieliczka"
65,"Bielany Wrocławskie "
66,"Siemiatycze"
67,"Kurzętnik  "
68,"Olesno"
69,"Poznań"
70,"Elbląg"
71,"Radomsko"
72,"Głogów"
73,"Siedlce"
74,"Śrem"
75,"Stalowa Wola"
76,"Szczytno"
77,"Gdynia"
78,"Ełk"
79,"Świdnica"
80,"Długołęka"
81,"Końskie"
82,"Toruń"
83,"Zamość"
84,"Inowrocław "
85,"Lisia Góra "
86,"Gubin"
87,"Słupsk"
88,"Unisław "
89,"Zabrze"
90,"Zambrów"
91,"Starogard Gdański"
92,"Kętrzyn"
93,"Pruszków"
94,"Stalowa Wola"
95,"Sierakowice  "
96,"Gniezno"
97,"Bełchatów"
98,"Pińczów"
99,"Pińczów"
100,"Gorzów Wielkopolski"
101,"Oleśnica"
102,"Pruszków"
103,"Starogard Gdański"
104,"Skawina"
105,"Toruń"
106,"Gorzów Wielkopolski"
107,"Zambrów"
108,"Nowa Sól"
109,"Nowy Sącz"
110,"Siedlce"
111,"Ostrowiec Świętokrzyski"
112,"Świeszyno "
113,"Płock"
114,"Jędrzejów"
115,"Namysłów"
116,"Koszalin"
117,"Raczki  "
118,"Kalisz"
119,"Krosno"
120,"Przytoczna"
121,"Białystok"
122,"Bieliny"
123,"Pawłowice"
124,"Pruszków"
125,"Aleksandrów"
126,"Inowrocław "
127,"Ruda Śląska"
128,"Augustów"
129,"Zgierz"
130,"Tarnów"
131,"Sandomierz"
132,"Warszawa"
133,"Bielsko-Biała"
134,"Kraków"
135,"Kielce"
136,"Głogów"
137,"Mielec"
138,"Głogówek"
139,"Sopot"
140,"Poznań"
141,"Mielec"
142,"Pińczów"
143,"Grajewo"
144,"Legnica"
145,"Bielsko-Biała"
146,"Raczki  "
147,"Działdowo"
148,"Kielce"
149,"Kozy  "
150,"Iława"
151,"Chrzanów"
152,"Komorniki  "
153,"Słońsk"
154,"Zambrów"
155,"Piła"
156,"Olsztyn"
157,"Ostrów Wielkopolski"
158,"Aleksandrów"
159,"Kostrzyn"
160,"Nakło nad Notecią"
161,"Jasło"
162,"Zamość"
163,"Gubin"
164,"Aleksandrów"
165,"Jarosław"
166,"Dębica"
167,"Łęczna"
168,"Kraśnik"
169,"Włocławek"
170,"Małkinia Górna "
171,"Jasło"
172,"Wałbrzych"
173,"Małkinia Górna "
174,"Kutno"
175,"Konin"
176,"Starachowice"
177,"Bolesławiec"
178,"Brzeg"
179,"Świnoujście"
180,"Nakło nad Notecią"
181,"Tczew"
182,"Grajewo"
183,"Biała Podlaska"
184,"Brzeg"
185,"Świeszyno "
186,"Kraków"
187,"Bartoszyce"
188,"Nowogard"
189,"Grajewo"
190,"Brzeg"
191,"Włocławek"
192,"Strzelce Opolskie"
193,"Busko-Zdrój"
194,"Lubin"
195,"Świeszyno "
196,"Nysa"
197,"Skawina"
198,"Legnica"
199,"Raczki  "
200,"Dęblin"
201,"Pińczów"
202,"Mońki"
203,"Przemyśl"
204,"Unisław "
205,"Krasnystaw"
206,"Starachowice"
207,"Goleniów"
208,"Świdnica"
209,"Kołobrzeg"
210,"Sulechów"
211,"Katowice"
212,"Oleśnica"
213,"Siedlce"
214,"Aleksandrów"
215,"Czernikowo "
216,"Ksawerów  "
217,"Stargard"
218,"Legionowo"
219,"Rawicz"
220,"Zielona Góra"
221,"Kędzierzyn-Koźle"
222,"Gorlice"
223,"Czernikowo "
224,"Oleśnica"
225,"Zielonki "
226,"Zielonki "
227,"Luzino  "
228,"Jarosław"
229,"Sławno"
230,"Piaseczno"
231,"Jasło"
232,"Augustów"
233,"Żagań "
234,"Pruszków"
235,"Opole"
236,"Bełchatów"
237,"Ostrowiec Świętokrzyski"
238,"Katowice"
239,"Gliwice"
240,"Jarosław"
241,"Śrem"
242,"Nakło nad Notecią"
243,"Działdowo"
244,"Raczki  "
245,"Mielec"
246,"Ruda Śląska"
247,"Gródek "
248,"Żagań "
249,"Kostrzyn"
250,"Puławy"
251,"Bolesławiec"
252,"Długołęka"
253,"Zakopane"
254,"Bolesławiec"
255,"Bielsko-Biała"
256,"Sierakowice  "
257,"Luzino  "
258,"Ełk"
259,"Chełm "
260,"Sanok"
261,"Niemce"
262,"Rumia"
263,"Sierakowice  "
264,"Opole"
265,"Gorzyce  "
266,"Stargard"
267,"Nysa"
268,"Tłuszcz"
269,"Głogów"
270,"Unisław "
271,"Częstochowa"
272,"Legnica"
273,"Toruń"
274,"Namysłów"
275,"Lubin"
276,"Tarnów Opolski "
277,"Kurzętnik  "
278,"Łódź"
279,"Słońsk"
280,"Piaseczno"
281,"Katowice"
282,"Kielce"
283,"Nowa Sól"
284,"Legionowo"
285,"Prudnik"
286,"Pawłowice"
287,"Końskie"
288,"Jasło"
289,"Nowy Targ"
290,"Rumia"
291,"Ostróda"
292,"Gorlice"
293,"Nowy Targ"
294,"Aleksandrów"
295,"Kozy  "
296,"Oława"
297,"Wrocław"
298,"Łowicz"
299,"Sierakowice  "
300,"Tczew"
301,"Oleśnica"
302,"Brzeg"
303,"Chełmno"
304,"Kędzierzyn-Koźle"
305,"Brzeg"
306,"Legionowo"
307,"Kluczbork"
308,"Zgierz"
309,"Kraśnik"
310,"Ustronie Morskie"
311,"Skierniewice"
312,"Pawłowice"
313,"Pińczów"
314,"Olsztyn"
315,"Kozy  "
316,"Chrzanów"
317,"Grajewo"
318,"Szczytno"
319,"Łęczna"
320,"Oświęcim"
321,"Żagań "
322,"Rumia"
323,"Namysłów"
324,"Skarżysko-Kamienna"
325,"Włocławek"
326,"Zielonki "
327,"Grajewo"
328,"Piła"
329,"Chełmno"
330,"Koszalin"
331,"Biała Podlaska"
332,"Namysłów"
333,"Płock"
334,"Grudziądz"
335,"Zambrów"
336,"Warszawa"
337,"Pińczów"
338,"Śrem"
339,"Starogard Gdański"
340,"Katowice"
341,"Września"
342,"Łęczna"
343,"Augustów"
344,"Nowa Sól"
345,"Elbląg"
346,"Sławno"
347,"Police"
348,"Skierniewice"
974,"Rzeszów"
975,"Ksawerów  "
976,"Białystok"
977,"Poznań"
978,"Opole"
979,"Opole"
980,"Tarnobrzeg"
981,"Września"
982,"Gliwice"
983,"Suwałki"
984,"Przemyśl"
985,"Katowice"
986,"Skarżysko-Kamienna"
987,"Hajnówka"
988,"Sierakowice  "
989,"Siemiatycze"
990,"Pruszków"
991,"Wieliczka"
992,"Chełmno"
993,"Luzino  "
994,"Sierakowice  "
995,"Dębica"
996,"Zgierz"
997,"Sandomierz"
998,"Sierakowice  "
999,"Jasło"
1000,"Piła"
1001,"Dobrzeń Wielki "
1002,"Prudnik"
1003,"Gorzów Wielkopolski"
1004,"Lubartów"
1005,"Olsztyn"
1006,"Skarżysko-Kamienna"
1007,"Krasne  "
1008,"Olesno"
1009,"Bełchatów"
1010,"Głogówek"
1011,"Miedziana Góra "
1012,"Ostrów Wielkopolski"
1013,"Reda"
1014,"Gdańsk"
1015,"Gorzów Wielkopolski"
1016,"Zakopane"
1017,"Strzelce Opolskie"
1018,"Kurzętnik  "
1019,"Bielsko-Biała"
1020,"Niemce"
1021,"Gryfino"
1022,"Iława"
1023,"Sopot"
1024,"Olesno"
1025,"Częstochowa"
1026,"Sieradz"
1027,"Szczecin"
1028,"Kraśnik"
1029,"Krasnystaw"
1030,"Skierniewice"
1031,"Mielec"
1032,"Łęczna"
1033,"Sopot"
1034,"Zielona Góra"
1035,"Mińsk Mazowiecki"
1036,"Międzyrzecz"
1037,"Lubartów"
1038,"Gniezno"
1039,"Sieradz"
1040,"Toruń"
1041,"Dobrzeń Wielki "
1042,"Świnoujście"
1043,"Sosnowiec"
1044,"Bydgoszcz"
1045,"Oława"
1046,"Unisław "
1047,"Bytom"
1048,"Gniezno"
1049,"Prudnik"
1050,"Śrem"
1051,"Iława"
1052,"Iława"
1053,"Aleksandrów"
1054,"Kołobrzeg"
1055,"Ustronie Morskie"
1056,"Kostrzyn"
1057,"Czernikowo "
1058,"Sieradz"
1059,"Inowrocław "
1060,"Koszalin"
1061,"Starogard Gdański"
1062,"Legnica"
1063,"Siedlce"
1064,"Płock"
1065,"Tychy"
1066,"Kostrzyn"
1067,"Gródek "
1068,"Grajewo"
1069,"Jędrzejów"
1070,"Gorlice"
1071,"Końskie"
1072,"Stargard"
1073,"Gliwice"
1074,"Kozy  "
1075,"Nysa"
1076,"Kołobrzeg"
1077,"Jabłonna  "
1078,"Busko-Zdrój"
1079,"Września"
1080,"Jasło"
1081,"Nakło nad Notecią"
1082,"Poznań"
1083,"Reda"
1084,"Gryfino"
1085,"Zakopane"
1086,"Tychy"
1087,"Kurzętnik  "
1088,"Nowy Sącz"
1089,"Piotrków Trybunalski"
1090,"Iława"
1091,"Gdańsk"
1092,"Nowy Targ"
1093,"Ruda Śląska"
1094,"Mielec"
1095,"Puławy"
1096,"Iława"
1097,"Rybnik"
1098,"Otwock"
1099,"Włocławek"
1100,"Zabrze"
1101,"Kurzętnik  "
1102,"Rokietnica  "
1103,"Śrem"
1104,"Pawłowice"
1105,"Tczew"
1106,"Ostrów Wielkopolski"
1107,"Dębica"
1108,"Wrocław"
1109,"Konin"
1110,"Długołęka"
1111,"Żagań "
1112,"Jarosław"
1113,"Chojnice"
1114,"Ełk"
1115,"Łomża"
1116,"Mońki"
1117,"Skarżysko-Kamienna"
1118,"Świeszyno "
1119,"Gródek "
1120,"Kraśnik"
1121,"Jelenia Góra"
1122,"Słupsk"
1123,"Gniezno"
1124,"Rzeszów"
1125,"Goleniów"
1126,"Piotrków Trybunalski"
1127,"Głogówek"
1128,"Działdowo"
1129,"Katowice"
1130,"Ostrowiec Świętokrzyski"
1131,"Starachowice"
1132,"Tczew"
1133,"Sulechów"
1134,"Gubin"
1135,"Bieliny"
1136,"Zielonki "
1137,"Kurzętnik  "
1138,"Tarnów Opolski "
1139,"Gdańsk"
1140,"Kętrzyn"
1141,"Starachowice"
1142,"Słubice"
1143,"Gliwice"
1144,"Dobrzeń Wielki "
1145,"Kostrzyn"
1146,"Kluczbork"
1147,"Oświęcim"
1148,"Mielec"
1149,"Dobrzeń Wielki "
1150,"Suwałki"
1151,"Konin"
1152,"Zabrze"
1153,"Jasło"
1154,"Międzyrzecz"
1155,"Krosno"
1156,"Szczytno"
1157,"Augustów"
1158,"Dobrzeń Wielki "
1159,"Bytom"
1160,"Unisław "
1161,"Komorniki  "
1162,"Małkinia Górna "
1163,"Wałbrzych"
1164,"Konin"
1165,"Brodnica"
1166,"Kurzętnik  "
1167,"Komorniki  "
1168,"Tłuszcz"
1169,"Oleśnica"
1170,"Grudziądz"
1171,"Zabrze"
1172,"Oleśnica"
1173,"Otwock"
1174,"Wieliczka"
1175,"Puławy"
1176,"Wejherowo"
1177,"Dobrzeń Wielki "
1178,"Bieliny"
1179,"Nowa Sól"
1180,"Prudnik"
1181,"Nakło nad Notecią"
1182,"Czernikowo "
1183,"Katowice"
1184,"Wieliczka"
1185,"Oświęcim"
1186,"Ostróda"
1187,"Gdańsk"
1188,"Koszalin"
1189,"Hajnówka"
1190,"Piła"
1191,"Świeszyno "
1192,"Jelenia Góra"
1193,"Kędzierzyn-Koźle"
1194,"Sławno"
1195,"Radom"
1196,"Poznań"
1197,"Bydgoszcz"
1198,"Kluczbork"
1199,"Biała Podlaska"
1200,"Zielonki "
1201,"Krasne  "
1202,"Szczytno"
1203,"Pińczów"
1204,"Rawicz"
1205,"Zabrze"
1206,"Bolesławiec"
1207,"Żary"
1208,"Oława"
1209,"Stargard"
1210,"Niemce"
1211,"Jarosław"
1212,"Kraków"
1213,"Otwock"
1214,"Pawłowice"
1215,"Sopot"
1216,"Nysa"
1217,"Jelenia Góra"
1218,"Chojnice"
1219,"Dęblin"
1220,"Śrem"
1221,"Rawicz"
1222,"Biała Podlaska"
1223,"Zabrze"
1224,"Dobrzeń Wielki "
1225,"Rokietnica  "
1226,"Dęblin"
1227,"Kluczbork"
1228,"Gdynia"
1229,"Sierakowice  "
1230,"Chełm "
1231,"Strzelce Opolskie"
1232,"Starogard Gdański"
1233,"Szczytno"
1234,"Kutno"
1235,"Ełk"
1236,"Legionowo"
1237,"Pawłowice"
1238,"Stargard"
1239,"Mońki"
1240,"Rzeszów"
1241,"Świeszyno "
1242,"Bydgoszcz"
1243,"Kluczbork"
1244,"Pawłowice"
1245,"Siemiatycze"
1246,"Aleksandrów"
1247,"Wejherowo"
1248,"Nowa Sól"
1249,"Iława"
1250,"Ełk"
1251,"Gorlice"
1252,"Sulechów"
1253,"Dobrzeń Wielki "
1254,"Ostrowiec Świętokrzyski"
1255,"Częstochowa"
1256,"Działdowo"
1257,"Długołęka"
1258,"Brzeg"
1259,"Raczki  "
1260,"Krasnystaw"
1261,"Wałbrzych"
1262,"Nowogard"
1263,"Świecie"
1264,"Toruń"
1265,"Chrzanów"
1266,"Zielonki "
1267,"Kołobrzeg"
1268,"Zielonki "
1269,"Kluczbork"
1270,"Ełk"
1271,"Staszów"
1272,"Niemce"
1273,"Ostróda"
1274,"Zielona Góra"
1275,"Rybnik"
1276,"Reda"
1277,"Chojnice"
1278,"Krasne  "
1279,"Przemyśl"
1280,"Skierniewice"
1281,"Świdnica"
1282,"Szczecin"
1283,"Ustronie Morskie"
1284,"Gorzyce  "
1285,"Stalowa Wola"
1286,"Gubin"
1603,"Unisław "
1604,"Starogard Gdański"
1605,"Jarosław"
1606,"Gdańsk"
1607,"Piła"
1608,"Miedziana Góra "
1609,"Gniezno"
1610,"Tczew"
1611,"Nowy Sącz"
1612,"Opole"
1613,"Sandomierz"
1614,"Prudnik"
1615,"Tarnów"
1616,"Głogówek"
1617,"Chrzanów"
1618,"Tczew"
1619,"Świnoujście"
1620,"Ostrowiec Świętokrzyski"
1621,"Siemiatycze"
1622,"Zielona Góra"
1623,"Wieliczka"
1624,"Bartoszyce"
1625,"Bydgoszcz"
1626,"Zielonki "
1627,"Staszów"
1628,"Dębica"
1629,"Inowrocław "
1630,"Chełmno"
1631,"Łęczna"
1632,"Jędrzejów"
1633,"Puławy"
1634,"Toruń"
1635,"Wieliczka"
1636,"Augustów"
1637,"Unisław "
1638,"Tarnobrzeg"
1639,"Kluczbork"
1640,"Gorlice"
1641,"Ruda Śląska"
1642,"Sanok"
1643,"Rybnik"
1644,"Małkinia Górna "
1645,"Kozy  "
1646,"Sanok"
1647,"Sandomierz"
1648,"Rumia"
1649,"Września"
1650,"Legnica"
1651,"Poznań"
1652,"Małkinia Górna "
1653,"Katowice"
1654,"Kurzętnik  "
1655,"Długołęka"
1656,"Brodnica"
1657,"Reda"
1658,"Poznań"
1659,"Konin"
1660,"Strzelce Opolskie"
1661,"Oświęcim"
1662,"Lubin"
1663,"Działdowo"
1664,"Działdowo"
1665,"Leszno"
1666,"Stalowa Wola"
1667,"Włocławek"
1668,"Bielsko-Biała"
1669,"Ustronie Morskie"
1670,"Sanok"
1671,"Świdnica"
1672,"Starogard Gdański"
1673,"Ksawerów  "
1674,"Nowogard"
1675,"Sandomierz"
1676,"Żagań "
1677,"Świeszyno "
1678,"Koszalin"
1679,"Niemce"
1680,"Kielce"
1681,"Nowa Sól"
1682,"Namysłów"
1683,"Międzyrzecz"
1684,"Żagań "
1685,"Siemiatycze"
1686,"Wrocław"
1687,"Długołęka"
1688,"Stargard"
1689,"Busko-Zdrój"
1690,"Jasło"
1691,"Mińsk Mazowiecki"
1692,"Starachowice"
1693,"Sławno"
1694,"Gliwice"
1695,"Przemyśl"
1696,"Kluczbork"
1697,"Łódź"
1698,"Czernikowo "
1699,"Świecie"
1700,"Gorlice"
1701,"Ostróda"
1702,"Kalisz"
1703,"Krasne  "
1704,"Małkinia Górna "
1705,"Ostróda"
1706,"Bolesławiec"
1707,"Stargard"
1708,"Chrzanów"
1709,"Raczki  "
1710,"Sulechów"
1711,"Słupsk"
1712,"Nowa Sól"
1713,"Słońsk"
1714,"Kołobrzeg"
1715,"Mońki"
1716,"Rzeszów"
1717,"Gubin"
1718,"Mońki"
1719,"Białystok"
1720,"Iława"
1721,"Prudnik"
1722,"Olsztyn"
1723,"Nysa"
1724,"Ruda Śląska"
1725,"Augustów"
1726,"Długołęka"
1727,"Jabłonna  "
1728,"Nowa Sól"
1729,"Gliwice"
1730,"Kraśnik"
1731,"Iława"
1732,"Bartoszyce"
1733,"Kraków"
1734,"Zambrów"
1735,"Sosnowiec"
1736,"Luzino  "
1737,"Nowy Sącz"
1738,"Jelenia Góra"
1739,"Gdynia"
1740,"Krasnystaw"
1741,"Świdnica"
1742,"Piotrków Trybunalski"
1743,"Toruń"
1744,"Piła"
1745,"Świeszyno "
1746,"Bielsk Podlaski"
1747,"Tarnów Opolski "
1748,"Małkinia Górna "
1749,"Sierakowice  "
1750,"Krasne  "
1751,"Mielec"
1752,"Rokietnica  "
1753,"Elbląg"
1754,"Gubin"
1755,"Świdnica"
1756,"Koszalin"
1757,"Lisia Góra "
1758,"Przytoczna"
1759,"Dęblin"
1760,"Andrespol"
1761,"Zakopane"
1762,"Police"
1763,"Biała Podlaska"
1764,"Starachowice"
1765,"Ustronie Morskie"
1766,"Bytom"
1767,"Nowy Targ"
1768,"Tłuszcz"
1769,"Strzelce Opolskie"
1770,"Ksawerów  "
1771,"Strzelce Opolskie"
1772,"Tychy"
1773,"Przytoczna"
1774,"Ostrów Wielkopolski"
1775,"Chojnice"
1776,"Chrzanów"
1777,"Końskie"
1778,"Żary"
1779,"Pińczów"
1780,"Jelenia Góra"
1781,"Sandomierz"
1782,"Głogówek"
1783,"Sierakowice  "
1784,"Długołęka"
1785,"Lubartów"
1786,"Starachowice"
1787,"Kurzętnik  "
1788,"Zambrów"
1789,"Chełmno"
1790,"Ustronie Morskie"
1791,"Tarnów Opolski "
1792,"Kielce"
1793,"Radomsko"
1794,"Zielona Góra"
1795,"Dobrzeń Wielki "
1796,"Oświęcim"
1797,"Głogów"
1798,"Siedlce"
1799,"Tarnów"
1800,"Słubice"
1801,"Rzeszów"
1802,"Kurzętnik  "
1803,"Płock"
1804,"Kraków"
1805,"Wałbrzych"
1806,"Namysłów"
1807,"Lidzbark Warmiński"
1808,"Gródek "
1809,"Tczew"
1810,"Gródek "
1811,"Gniezno"
1812,"Staszów"
1813,"Kutno"
1814,"Hrubieszów"
1815,"Świeszyno "
1816,"Pawłowice"
1817,"Lubin"
1818,"Żary"
1819,"Ostróda"
1820,"Rybnik"
1821,"Koszalin"
1822,"Kurzętnik  "
1823,"Szczecin"
1824,"Ustronie Morskie"
1825,"Brzeg"
1826,"Leszno"
1827,"Szczecin"
1828,"Otwock"
1829,"Tarnobrzeg"
1830,"Rawicz"
1831,"Hrubieszów"
1832,"Chełm "
1833,"Nowa Sól"
1834,"Oświęcim"
1835,"Police"
1836,"Iława"
1837,"Sandomierz"
1838,"Piotrków Trybunalski"
1839,"Gorzów Wielkopolski"
1840,"Niemce"
1841,"Starogard Gdański"
1842,"Długołęka"
1843,"Kluczbork"
1844,"Zielonki "
1845,"Dobrzeń Wielki "
1846,"Lubin"
1847,"Rypin "
1848,"Pawłowice"
1849,"Gdynia"
1850,"Chojnice"
1851,"Gniezno"
1852,"Czernikowo "
1853,"Zakopane"
1854,"Staszów"
1855,"Świeszyno "
1856,"Stalowa Wola"
1857,"Siemiatycze"
1858,"Kętrzyn"
1859,"Jarosław"
1860,"Końskie"
1861,"Kielce"
1862,"Wrocław"
1863,"Krasne  "
1864,"Żagań "
1865,"Długołęka"
1866,"Chrzanów"
1867,"Luzino  "
1868,"Lubartów"
1869,"Wrocław"
1870,"Gubin"
1871,"Bielsko-Biała"
1872,"Warszawa"
1873,"Gryfino"
1874,"Szczytno"
1875,"Konin"
1876,"Nowy Sącz"
1877,"Legnica"
1878,"Siemiatycze"
1879,"Starachowice"
1880,"Ustronie Morskie"
1881,"Rawicz"
1882,"Mielec"
1883,"Międzyrzecz"
1884,"Ostrów Wielkopolski"
1885,"Stalowa Wola"
1886,"Tarnobrzeg"
1887,"Dywity  "
1888,"Wejherowo"
1889,"Oświęcim"
1890,"Tarnobrzeg"
1891,"Radomsko"
1892,"Mońki"
1893,"Białystok"
1894,"Katowice"
1895,"Busko-Zdrój"
1896,"Sieradz"
1897,"Sandomierz"
1898,"Częstochowa"
1899,"Jabłonna  "
1900,"Zabrze"
1901,"Gubin"
1902,"Kalisz"
1903,"Mońki"
1904,"Busko-Zdrój"
1905,"Kętrzyn"
1906,"Gródek "
1907,"Przemyśl"
1908,"Bełchatów"
1909,"Olesno"
1910,"Głogówek"
1911,"Piotrków Trybunalski"
1912,"Konin"
1913,"Sopot"
1914,"Nowogard"
1915,"Rybnik"
1916,"Goleniów"
1917,"Szczecin"
1918,"Skarżysko-Kamienna"
1919,"Starachowice"
1920,"Słubice"
1921,"Bydgoszcz"
1922,"Świdnica"
1923,"Konin"
1924,"Oława"
1925,"Zgierz"
1926,"Końskie"
1927,"Świeszyno "
1928,"Lubartów"
1929,"Tłuszcz"
1930,"Sulechów"
1931,"Głogów"
1932,"Jędrzejów"
1933,"Kutno"
1934,"Zielonki "
1935,"Brzeg"
1936,"Łódź"
1937,"Nysa"
1938,"Kutno"
1939,"Police"
1940,"Kielce"
1941,"Żagań "
1942,"Brodnica"
1943,"Augustów"
1944,"Wałbrzych"
1945,"Zgierz"
1946,"Wrocław"
1947,"Police"
1948,"Świeszyno "
1949,"Oława"
1950,"Biała Podlaska"
1951,"Pruszków"
1952,"Police"
1953,"Dęblin"
1954,"Nakło nad Notecią"
1955,"Rzeszów"
1956,"Kluczbork"
1957,"Warszawa"
1958,"Bolesławiec"
1959,"Małkinia Górna "
1960,"Skawina"
1961,"Nowa Sól"
1962,"Sopot"
1963,"Świdnica"
1964,"Przytoczna"
1965,"Dobrzeń Wielki "
1966,"Zielonki "
1967,"Nowogard"
1968,"Słubice"
1969,"Tarnobrzeg"
1970,"Rokietnica  "
1971,"Piotrków Trybunalski"
1972,"Żary"
1973,"Lubin"
1974,"Skarżysko-Kamienna"
1975,"Przemyśl"
1976,"Bydgoszcz"
1977,"Bielsko-Biała"
1978,"Krosno"
1979,"Unisław "
1980,"Małkinia Górna "
1981,"Łódź"
1982,"Chrzanów"
1983,"Nowogard"
1984,"Pawłowice"
1985,"Suwałki"
1986,"Lubartów"
1987,"Bytom"
1988,"Dęblin"
1989,"Starogard Gdański"
1990,"Żagań "
1991,"Świnoujście"
1992,"Radom"
1993,"Żary"
1994,"Długołęka"
1995,"Busko-Zdrój"
1996,"Raczki  "
1997,"Hajnówka"
1998,"Chrzanów"
1999,"Sopot"
2000,"Gniezno"
2001,"Piła"
2002,"Piła"
2003,"Kutno"
2004,"Rokietnica  "
2005,"Bielany Wrocławskie "
2006,"Olsztyn"
2007,"Olsztyn"
2008,"Zgierz"
2009,"Sosnowiec"
2010,"Sulechów"
2011,"Długołęka"
2012,"Tarnobrzeg"
2013,"Niemce"
2014,"Kluczbork"
2015,"Szczecin"
2016,"Bydgoszcz"
2017,"Zielona Góra"
2018,"Słubice"
2019,"Oświęcim"
2020,"Kraków"
2021,"Skarżysko-Kamienna"
2022,"Lidzbark Warmiński"
2023,"Bytom"
2024,"Biała Podlaska"
2025,"Kielce"
2026,"Jasło"
2027,"Gliwice"
2028,"Gorzyce  "
2029,"Sierakowice  "
2030,"Słońsk"
2031,"Chojnice"
2032,"Świeszyno "
2033,"Pruszków"
2034,"Szczytno"
2035,"Rybnik"
2036,"Komorniki  "
2037,"Słońsk"
2038,"Luzino  "
2039,"Skarżysko-Kamienna"
2040,"Legnica"
2041,"Rzeszów"
2042,"Rumia"
2043,"Zgierz"
2044,"Kostrzyn"
2045,"Chełm "
2046,"Radom"
2047,"Kluczbork"
2048,"Kalisz"
2049,"Inowrocław "
2050,"Września"
2051,"Sławno"
2052,"Ruda Śląska"
2053,"Działdowo"
2054,"Nowa Sól"
2055,"Busko-Zdrój"
2056,"Kutno"
2057,"Zabrze"
2058,"Tarnów"
2059,"Prudnik"
2060,"Opole"
2061,"Sierakowice  "
2062,"Ostrów Wielkopolski"
2063,"Szczecin"
2064,"Chełm "
2065,"Ostrowiec Świętokrzyski"
2066,"Ksawerów  "
2067,"Olsztyn"
1287,"Świdnica"
1288,"Kraków"
1289,"Dywity  "
1290,"Zambrów"
1291,"Sierakowice  "
1292,"Starogard Gdański"
1293,"Staszów"
1294,"Warszawa"
1295,"Działdowo"
1296,"Tychy"
1297,"Sławno"
1298,"Pińczów"
1299,"Opole"
1300,"Starogard Gdański"
1301,"Toruń"
1302,"Inowrocław "
1303,"Bydgoszcz"
1304,"Jasło"
1305,"Elbląg"
1306,"Stalowa Wola"
1307,"Żagań "
1308,"Białystok"
1309,"Łomża"
1310,"Lubartów"
1311,"Hajnówka"
1312,"Oława"
1313,"Bełchatów"
1314,"Sieradz"
1315,"Legionowo"
1316,"Jarosław"
1317,"Zielona Góra"
1318,"Stalowa Wola"
1319,"Gubin"
1320,"Bełchatów"
1321,"Chojnice"
1322,"Lubin"
1323,"Pawłowice"
1324,"Mińsk Mazowiecki"
1325,"Lubin"
1326,"Luzino  "
1327,"Busko-Zdrój"
1328,"Radom"
1329,"Kętrzyn"
1330,"Bielany Wrocławskie "
1331,"Skarżysko-Kamienna"
1332,"Rybnik"
1333,"Komorniki  "
1334,"Szczecin"
1335,"Gdańsk"
1336,"Mińsk Mazowiecki"
1337,"Przytoczna"
1338,"Reda"
1339,"Andrespol"
1340,"Rumia"
1341,"Głogówek"
1342,"Zakopane"
1343,"Tomaszów Mazowiecki"
1344,"Puławy"
1345,"Bełchatów"
1346,"Szczecin"
1347,"Słubice"
1348,"Nakło nad Notecią"
1349,"Świdnica"
1350,"Busko-Zdrój"
1351,"Świecie"
1352,"Słubice"
1353,"Ostróda"
1354,"Płock"
1355,"Piła"
1356,"Strzelce Opolskie"
1357,"Oświęcim"
1358,"Ostrowiec Świętokrzyski"
1359,"Małkinia Górna "
1360,"Pawłowice"
1361,"Rumia"
1362,"Pińczów"
1363,"Łódź"
1364,"Wieliczka"
1365,"Piotrków Trybunalski"
1366,"Brzeg"
1367,"Iława"
1368,"Andrespol"
1369,"Radomsko"
1370,"Łódź"
1371,"Iława"
1372,"Głogówek"
1373,"Krasnystaw"
1374,"Bielsk Podlaski"
1375,"Ruda Śląska"
1376,"Ostrowiec Świętokrzyski"
1377,"Opole"
1378,"Chojnice"
1379,"Gródek "
1380,"Gorzów Wielkopolski"
1381,"Nowy Targ"
1382,"Łódź"
1383,"Gliwice"
1384,"Jasło"
1385,"Starogard Gdański"
1386,"Zabrze"
1387,"Czernikowo "
1388,"Siemiatycze"
1389,"Słupsk"
1390,"Leszno"
1391,"Śrem"
1392,"Chrzanów"
1393,"Rzeszów"
1394,"Kalisz"
1395,"Iława"
1396,"Brzeg"
1397,"Opole"
1398,"Słupsk"
1399,"Głogów"
1400,"Biała Podlaska"
1401,"Bydgoszcz"
1402,"Gliwice"
1403,"Miedziana Góra "
1404,"Gniezno"
1405,"Aleksandrów"
1406,"Zielonki "
1407,"Tarnów"
1408,"Rypin "
1409,"Stalowa Wola"
1410,"Radomsko"
1411,"Oława"
1412,"Lubin"
1413,"Łódź"
1414,"Leszno"
1415,"Radomsko"
1416,"Ksawerów  "
1417,"Pruszków"
1418,"Olsztyn"
1419,"Łomża"
1420,"Gdynia"
1421,"Kraków"
1422,"Rokietnica  "
1423,"Słubice"
1424,"Siemiatycze"
1425,"Konin"
1426,"Starogard Gdański"
1427,"Augustów"
1428,"Głogówek"
1429,"Dywity  "
1430,"Hajnówka"
1431,"Gorzyce  "
1432,"Mońki"
1433,"Radom"
1434,"Świeszyno "
1435,"Ruda Śląska"
1436,"Słubice"
1437,"Krasne  "
1438,"Mińsk Mazowiecki"
1439,"Brzeg"
1440,"Mońki"
1441,"Słubice"
1442,"Aleksandrów"
1443,"Tarnów"
1444,"Oława"
1445,"Wałbrzych"
1446,"Toruń"
1447,"Nowy Targ"
1448,"Toruń"
1449,"Włocławek"
1450,"Brodnica"
1451,"Sierakowice  "
1452,"Sieradz"
1453,"Unisław "
1454,"Ostrów Wielkopolski"
1455,"Biała Podlaska"
1456,"Białystok"
1457,"Kurzętnik  "
1458,"Kielce"
1459,"Chojnice"
1460,"Tarnów Opolski "
1461,"Warszawa"
1462,"Skarżysko-Kamienna"
1463,"Zambrów"
1464,"Komorniki  "
1465,"Staszów"
1466,"Tarnów"
1467,"Rybnik"
1468,"Lubin"
1469,"Sulechów"
1470,"Kętrzyn"
1471,"Długołęka"
1472,"Rumia"
1473,"Tychy"
1474,"Włocławek"
1475,"Płock"
1476,"Starachowice"
1477,"Żagań "
1478,"Warszawa"
1479,"Gródek "
1480,"Tarnobrzeg"
1481,"Nowy Targ"
1482,"Zakopane"
1483,"Sieradz"
1484,"Hrubieszów"
1485,"Zamość"
1486,"Bytom"
1487,"Gliwice"
1488,"Głogów"
1489,"Dobrzeń Wielki "
1490,"Żagań "
1491,"Niemce"
1492,"Dobrzeń Wielki "
1493,"Jasło"
1494,"Oława"
1495,"Augustów"
1496,"Krasne  "
1497,"Gubin"
1498,"Strzelce Opolskie"
1499,"Krasnystaw"
1500,"Stargard"
1501,"Radom"
1502,"Krasnystaw"
1503,"Łomża"
1504,"Kielce"
1505,"Sławno"
1506,"Pruszków"
1507,"Zielona Góra"
1508,"Sandomierz"
1509,"Toruń"
1510,"Unisław "
1511,"Tychy"
1512,"Namysłów"
1513,"Bełchatów"
1514,"Reda"
1515,"Brodnica"
1516,"Unisław "
1517,"Sławno"
1518,"Piła"
1519,"Słubice"
1520,"Siedlce"
1521,"Gorzyce  "
1522,"Bartoszyce"
1523,"Lisia Góra "
1524,"Elbląg"
1525,"Olesno"
1526,"Łowicz"
1527,"Augustów"
1528,"Skarżysko-Kamienna"
1529,"Dębica"
1530,"Słupsk"
1531,"Nowy Targ"
1532,"Skarżysko-Kamienna"
1533,"Zgierz"
1534,"Rumia"
1535,"Olsztyn"
1536,"Zambrów"
1537,"Gródek "
1538,"Przytoczna"
1539,"Piła"
1540,"Ksawerów  "
1541,"Sieradz"
1542,"Iława"
1543,"Olsztyn"
1544,"Zielona Góra"
1545,"Miedziana Góra "
1546,"Lubin"
1547,"Luzino  "
1548,"Przytoczna"
1549,"Nowogard"
1550,"Radomsko"
1551,"Kutno"
1552,"Oława"
1553,"Otwock"
1554,"Kołobrzeg"
1555,"Jabłonna  "
1556,"Bytom"
1557,"Skarżysko-Kamienna"
1558,"Toruń"
1559,"Sulechów"
1560,"Siemiatycze"
1561,"Luzino  "
1562,"Świdnica"
1563,"Koszalin"
1564,"Puławy"
1565,"Toruń"
1566,"Ostróda"
1567,"Słońsk"
1568,"Rumia"
1569,"Łowicz"
1570,"Sopot"
1571,"Sopot"
1572,"Dywity  "
1573,"Białystok"
1574,"Zambrów"
1575,"Jarosław"
1576,"Łomża"
1577,"Piotrków Trybunalski"
1578,"Hrubieszów"
1579,"Świdnica"
1580,"Szczecin"
1581,"Kostrzyn"
1582,"Olsztyn"
1583,"Zgierz"
1584,"Świnoujście"
1585,"Warszawa"
1586,"Suwałki"
1587,"Zamość"
1588,"Międzyrzecz"
1589,"Września"
1590,"Warszawa"
1591,"Mielec"
1592,"Krasnystaw"
1593,"Oświęcim"
1594,"Chełmno"
1595,"Tarnów Opolski "
1596,"Chojnice"
1597,"Małkinia Górna "
1598,"Gubin"
1599,"Świecie"
1600,"Warszawa"
1601,"Kołobrzeg"
1602,"Legionowo"
816,"Aleksandrów"
817,"Lubin"
818,"Łowicz"
819,"Dobrzeń Wielki "
820,"Chełmno"
821,"Wejherowo"
822,"Słońsk"
823,"Wrocław"
824,"Konin"
825,"Puławy"
826,"Zielona Góra"
827,"Hajnówka"
828,"Głogówek"
829,"Ruda Śląska"
830,"Pawłowice"
831,"Kętrzyn"
832,"Gdynia"
833,"Gryfino"
834,"Andrespol"
835,"Stalowa Wola"
836,"Lubartów"
837,"Leszno"
838,"Pruszków"
839,"Kielce"
840,"Kutno"
841,"Dobrzeń Wielki "
842,"Gubin"
843,"Luzino  "
844,"Żary"
845,"Przemyśl"
846,"Puławy"
847,"Zamość"
848,"Sanok"
849,"Tychy"
850,"Bielsk Podlaski"
851,"Poznań"
852,"Olesno"
853,"Oława"
854,"Miedziana Góra "
855,"Elbląg"
856,"Działdowo"
857,"Tychy"
858,"Reda"
859,"Suwałki"
860,"Legionowo"
861,"Aleksandrów"
862,"Brodnica"
863,"Kołobrzeg"
864,"Brodnica"
865,"Siemiatycze"
866,"Tychy"
867,"Łowicz"
868,"Suwałki"
869,"Wrocław"
870,"Raczki  "
871,"Jelenia Góra"
872,"Żary"
873,"Tarnów"
874,"Bartoszyce"
875,"Poznań"
876,"Sierakowice  "
877,"Olsztyn"
878,"Lubartów"
879,"Konin"
880,"Jarosław"
881,"Radom"
882,"Dębica"
883,"Kętrzyn"
884,"Miedziana Góra "
885,"Skawina"
886,"Rypin "
887,"Mińsk Mazowiecki"
888,"Brzeg"
889,"Chełmno"
890,"Kalisz"
891,"Wałbrzych"
892,"Słubice"
893,"Rumia"
894,"Strzelce Opolskie"
895,"Pawłowice"
896,"Dobrzeń Wielki "
897,"Jabłonna  "
898,"Pruszków"
899,"Kluczbork"
900,"Bielsko-Biała"
901,"Radomsko"
902,"Starogard Gdański"
903,"Płock"
904,"Włocławek"
905,"Dywity  "
906,"Bielany Wrocławskie "
907,"Sandomierz"
908,"Rybnik"
909,"Świnoujście"
910,"Bytom"
911,"Gorlice"
912,"Nowy Sącz"
913,"Koszalin"
914,"Tczew"
915,"Sieradz"
916,"Zambrów"
917,"Ksawerów  "
918,"Nowy Targ"
919,"Gniezno"
920,"Świecie"
921,"Piotrków Trybunalski"
922,"Nowy Sącz"
923,"Świecie"
924,"Małkinia Górna "
925,"Nowogard"
926,"Końskie"
927,"Skawina"
928,"Wejherowo"
929,"Małkinia Górna "
930,"Bartoszyce"
931,"Legnica"
932,"Sopot"
933,"Krasnystaw"
934,"Tarnów"
935,"Śrem"
936,"Starogard Gdański"
937,"Luzino  "
938,"Bydgoszcz"
939,"Wałbrzych"
940,"Zamość"
941,"Namysłów"
942,"Staszów"
943,"Goleniów"
944,"Kalisz"
945,"Oława"
946,"Rumia"
947,"Wejherowo"
948,"Kozy  "
949,"Ustronie Morskie"
950,"Ostrów Wielkopolski"
951,"Kalisz"
952,"Legionowo"
953,"Hrubieszów"
954,"Sanok"
955,"Skawina"
956,"Strzelce Opolskie"
957,"Brodnica"
958,"Leszno"
959,"Siedlce"
960,"Lidzbark Warmiński"
961,"Katowice"
962,"Wałbrzych"
963,"Przemyśl"
964,"Mińsk Mazowiecki"
965,"Bielsk Podlaski"
966,"Tczew"
967,"Leszno"
968,"Świdnica"
969,"Przytoczna"
970,"Legionowo"
971,"Głogów"
972,"Chojnice"
973,"Olesno"
2068,"Ksawerów  "
2069,"Gorzyce  "
2070,"Prudnik"
2071,"Świeszyno "
2072,"Reda"
2073,"Słońsk"
2074,"Mielec"
2075,"Bolesławiec"
2076,"Staszów"
2077,"Nysa"
2078,"Stalowa Wola"
2079,"Leszno"
2080,"Iława"
2081,"Oława"
2082,"Włocławek"
2083,"Ksawerów  "
2084,"Dęblin"
2085,"Gorlice"
2086,"Zielonki "
2087,"Tarnów"
2088,"Pruszków"
2089,"Zabrze"
2090,"Bytom"
2091,"Bielany Wrocławskie "
2092,"Łowicz"
2093,"Zakopane"
2094,"Kalisz"
2095,"Sosnowiec"
2096,"Gdynia"
2097,"Nowy Sącz"
2098,"Kluczbork"
2099,"Ełk"
2100,"Grudziądz"
2101,"Sławno"
2102,"Andrespol"
2103,"Tarnów"
2104,"Busko-Zdrój"
2105,"Głogówek"
2106,"Głogów"
2107,"Szczytno"
2108,"Świdnica"
2109,"Długołęka"
2110,"Siemiatycze"
2111,"Łódź"
2112,"Prudnik"
2113,"Nysa"
2114,"Kalisz"
2115,"Hrubieszów"
2116,"Bielsk Podlaski"
2117,"Gdynia"
2118,"Dywity  "
2119,"Ustronie Morskie"
2120,"Zielonki "
2121,"Zielonki "
2122,"Andrespol"
2123,"Puławy"
2124,"Czernikowo "
2125,"Wieliczka"
2126,"Łomża"
2127,"Zakopane"
2128,"Wejherowo"
2129,"Dywity  "
2130,"Tomaszów Mazowiecki"
2131,"Piła"
2132,"Jelenia Góra"
2133,"Pruszków"
2134,"Brzeg"
2135,"Gniezno"
2136,"Miedziana Góra "
2137,"Koszalin"
2138,"Radomsko"
2139,"Poznań"
2140,"Gdańsk"
2141,"Skawina"
2142,"Zambrów"
2143,"Piaseczno"
2144,"Andrespol"
2145,"Prudnik"
2146,"Białystok"
2147,"Kutno"
2148,"Skarżysko-Kamienna"
2149,"Bielsk Podlaski"
2150,"Biała Podlaska"
2151,"Katowice"
2152,"Grudziądz"
2153,"Słońsk"
2154,"Ełk"
2155,"Kutno"
2156,"Radomsko"
2157,"Ksawerów  "
2158,"Luzino  "
2159,"Nowa Sól"
2160,"Piaseczno"
2161,"Przemyśl"
2162,"Włocławek"
2163,"Mońki"
2164,"Słubice"
2165,"Końskie"
2166,"Katowice"
2167,"Sierakowice  "
2168,"Słupsk"
2169,"Jabłonna  "
2170,"Rawicz"
2171,"Mińsk Mazowiecki"
2172,"Radom"
2173,"Strzelce Opolskie"
2174,"Zabrze"
2175,"Sieradz"
2176,"Oleśnica"
2177,"Bydgoszcz"
2178,"Inowrocław "
2179,"Jabłonna  "
2180,"Strzelce Opolskie"
2181,"Ostrowiec Świętokrzyski"
2182,"Nakło nad Notecią"
2183,"Elbląg"
2184,"Jelenia Góra"
2185,"Sulechów"
2186,"Zielona Góra"
2187,"Małkinia Górna "
2188,"Katowice"
2189,"Unisław "
2190,"Brzeg"
2191,"Zambrów"
2192,"Lidzbark Warmiński"
2193,"Przytoczna"
2194,"Krosno"
2195,"Konin"
2196,"Jelenia Góra"
2197,"Biała Podlaska"
2198,"Andrespol"
2199,"Płock"
2200,"Lubartów"
2201,"Ksawerów  "
2202,"Skarżysko-Kamienna"
2203,"Szczytno"
2204,"Dęblin"
2205,"Leszno"
2206,"Piła"
2207,"Sosnowiec"
2208,"Lubartów"
2209,"Zielona Góra"
2210,"Tomaszów Mazowiecki"
2211,"Ostróda"
2212,"Łęczna"
2213,"Radomsko"
2214,"Sosnowiec"
2215,"Busko-Zdrój"
2216,"Kostrzyn"
2217,"Gryfino"
2218,"Słupsk"
2219,"Grajewo"
2220,"Lubin"
2221,"Kraków"
2222,"Skarżysko-Kamienna"
2223,"Świnoujście"
2224,"Olsztyn"
2225,"Grajewo"
2226,"Oleśnica"
2227,"Słubice"
2685,"Tłuszcz"
2686,"Chrzanów"
2687,"Rypin "
2688,"Chełmno"
2689,"Jelenia Góra"
2690,"Ruda Śląska"
2691,"Konin"
2692,"Jasło"
2693,"Zambrów"
2694,"Tarnobrzeg"
2695,"Zakopane"
2696,"Namysłów"
2697,"Inowrocław "
2698,"Ostróda"
2699,"Pińczów"
2700,"Gryfino"
2701,"Kurzętnik  "
2702,"Gorzów Wielkopolski"
2703,"Legnica"
2704,"Piotrków Trybunalski"
2705,"Tomaszów Mazowiecki"
2706,"Długołęka"
2707,"Długołęka"
2708,"Krasne  "
2709,"Końskie"
2710,"Hajnówka"
2711,"Gniezno"
2712,"Piotrków Trybunalski"
2713,"Ełk"
2714,"Strzelce Opolskie"
2715,"Skawina"
2716,"Wałbrzych"
2717,"Jędrzejów"
2718,"Bełchatów"
2719,"Zielona Góra"
2720,"Oświęcim"
2721,"Oleśnica"
2722,"Pawłowice"
2723,"Kurzętnik  "
2724,"Zielona Góra"
2725,"Krasne  "
2726,"Oświęcim"
2727,"Słupsk"
2728,"Lisia Góra "
2729,"Poznań"
2730,"Wejherowo"
2731,"Sulechów"
2732,"Aleksandrów"
2733,"Długołęka"
2734,"Wejherowo"
2735,"Biała Podlaska"
2736,"Dobrzeń Wielki "
2737,"Tarnów Opolski "
2738,"Sulechów"
2739,"Reda"
2740,"Ostrów Wielkopolski"
2741,"Siemiatycze"
2742,"Śrem"
2743,"Rumia"
2744,"Tychy"
2745,"Zielonki "
2746,"Gryfino"
2747,"Małkinia Górna "
2748,"Rokietnica  "
2749,"Rybnik"
2750,"Siemiatycze"
2751,"Stargard"
2752,"Kraków"
2753,"Bieliny"
2754,"Inowrocław "
2755,"Dobrzeń Wielki "
2756,"Jędrzejów"
2757,"Grajewo"
2758,"Goleniów"
2759,"Chojnice"
2760,"Dobrzeń Wielki "
2761,"Mińsk Mazowiecki"
2762,"Tczew"
2763,"Kraków"
2764,"Chojnice"
2765,"Łomża"
2766,"Krosno"
2767,"Chełmno"
2768,"Piaseczno"
2769,"Nysa"
2770,"Głogów"
2771,"Warszawa"
2772,"Września"
2773,"Chojnice"
2774,"Aleksandrów"
2775,"Andrespol"
2776,"Sławno"
2777,"Piotrków Trybunalski"
2778,"Leszno"
2779,"Hrubieszów"
2780,"Unisław "
2781,"Włocławek"
2782,"Gdynia"
2783,"Stargard"
2784,"Konin"
2785,"Skierniewice"
2786,"Sosnowiec"
2787,"Kozy  "
2788,"Zamość"
2789,"Reda"
2790,"Słupsk"
2791,"Gródek "
2792,"Głogówek"
2793,"Radom"
2794,"Toruń"
2795,"Jelenia Góra"
2796,"Kluczbork"
2797,"Jarosław"
2798,"Otwock"
2799,"Tarnów Opolski "
2800,"Krosno"
2801,"Kędzierzyn-Koźle"
2802,"Bielsk Podlaski"
2803,"Bielsk Podlaski"
2804,"Słupsk"
2805,"Łęczna"
2806,"Tarnów"
2807,"Głogówek"
2808,"Niemce"
2809,"Namysłów"
2810,"Jędrzejów"
2811,"Zielona Góra"
2812,"Legionowo"
2813,"Chełmno"
2814,"Zakopane"
2815,"Działdowo"
2816,"Zielona Góra"
2817,"Grajewo"
2818,"Częstochowa"
2819,"Kraśnik"
2820,"Nakło nad Notecią"
2821,"Wałbrzych"
2822,"Gliwice"
2823,"Śrem"
2824,"Olsztyn"
2825,"Chełmno"
2826,"Dębica"
2827,"Ostróda"
2828,"Nowy Sącz"
2829,"Legnica"
2830,"Białystok"
2831,"Ustronie Morskie"
2832,"Opole"
2833,"Zielona Góra"
2834,"Dęblin"
2835,"Słubice"
2836,"Jędrzejów"
2837,"Gubin"
2838,"Police"
2839,"Mielec"
2840,"Otwock"
2841,"Żary"
2842,"Niemce"
2843,"Małkinia Górna "
2844,"Lubin"
2845,"Skarżysko-Kamienna"
2846,"Wejherowo"
2847,"Luzino  "
2848,"Oświęcim"
2849,"Słubice"
2850,"Bielany Wrocławskie "
2851,"Katowice"
2852,"Bydgoszcz"
2853,"Sosnowiec"
2854,"Kraków"
2855,"Głogów"
2856,"Legionowo"
2857,"Radomsko"
2858,"Nowogard"
2859,"Niemce"
2860,"Bielany Wrocławskie "
2861,"Katowice"
2862,"Pińczów"
2863,"Nowogard"
2864,"Szczecin"
2865,"Łomża"
2866,"Zgierz"
2867,"Wieliczka"
2868,"Chrzanów"
2869,"Śrem"
2870,"Leszno"
2871,"Zamość"
2872,"Tychy"
2873,"Kraków"
2874,"Krasne  "
2875,"Oława"
2876,"Sierakowice  "
2877,"Zambrów"
2878,"Namysłów"
2879,"Wrocław"
2880,"Gdynia"
2881,"Świdnica"
2882,"Luzino  "
2883,"Głogówek"
2884,"Bydgoszcz"
2885,"Bytom"
2886,"Pawłowice"
2887,"Szczecin"
2888,"Biała Podlaska"
2889,"Warszawa"
2890,"Pińczów"
2891,"Bytom"
2892,"Aleksandrów"
2893,"Puławy"
2894,"Kurzętnik  "
2895,"Kozy  "
2896,"Skierniewice"
2897,"Sosnowiec"
2898,"Września"
2899,"Gdynia"
2900,"Konin"
2901,"Mińsk Mazowiecki"
2902,"Katowice"
2903,"Busko-Zdrój"
2904,"Włocławek"
2905,"Opole"
2906,"Radom"
2907,"Kraków"
2908,"Pruszków"
2909,"Łęczna"
2910,"Mońki"
2911,"Oława"
2912,"Luzino  "
2913,"Zambrów"
2914,"Gubin"
2915,"Bartoszyce"
2916,"Ruda Śląska"
2917,"Rypin "
2918,"Miedziana Góra "
2919,"Sieradz"
2920,"Prudnik"
2921,"Siedlce"
2922,"Gródek "
2923,"Sosnowiec"
2924,"Włocławek"
2925,"Śrem"
2926,"Chojnice"
2927,"Stalowa Wola"
2928,"Biała Podlaska"
2929,"Radomsko"
2930,"Śrem"
2931,"Mielec"
2932,"Tarnobrzeg"
2933,"Sierakowice  "
2934,"Ksawerów  "
2935,"Busko-Zdrój"
2936,"Ełk"
2937,"Stalowa Wola"
2938,"Ostrów Wielkopolski"
2939,"Kołobrzeg"
2940,"Starogard Gdański"
2941,"Tczew"
2942,"Warszawa"
2943,"Szczecin"
2944,"Aleksandrów"
2945,"Wrocław"
2946,"Chełmno"
2947,"Piotrków Trybunalski"
2948,"Rokietnica  "
2949,"Przytoczna"
2950,"Inowrocław "
2951,"Częstochowa"
2952,"Dywity  "
2953,"Bartoszyce"
2954,"Włocławek"
2955,"Szczytno"
2956,"Legionowo"
2957,"Kostrzyn"
2958,"Sosnowiec"
2959,"Toruń"
2960,"Nysa"
2961,"Łowicz"
2962,"Świecie"
2963,"Komorniki  "
2964,"Kozy  "
2965,"Włocławek"
2966,"Dębica"
2967,"Ostrów Wielkopolski"
2968,"Żagań "
2969,"Lubin"
2970,"Konin"
2971,"Mielec"
2972,"Gubin"
2973,"Kętrzyn"
2974,"Bełchatów"
2975,"Tarnów"
2976,"Jasło"
2977,"Gdynia"
2978,"Olesno"
2979,"Zamość"
2980,"Reda"
2981,"Rokietnica  "
2982,"Jarosław"
2983,"Kędzierzyn-Koźle"
2984,"Ełk"
2985,"Żary"
2986,"Oława"
2987,"Stalowa Wola"
2988,"Kurzętnik  "
2989,"Unisław "
2990,"Bolesławiec"
2991,"Sosnowiec"
2992,"Żagań "
2993,"Lubartów"
2994,"Miedziana Góra "
2995,"Kutno"
2996,"Reda"
2997,"Tomaszów Mazowiecki"
2998,"Rawicz"
2999,"Inowrocław "
3000,"Oleśnica"
3001,"Andrespol"
3002,"Radom"
3003,"Szczecin"
3004,"Kędzierzyn-Koźle"
3005,"Bielsko-Biała"
3006,"Namysłów"
3007,"Inowrocław "
3008,"Krasnystaw"
3009,"Słońsk"
3010,"Suwałki"
3011,"Rzeszów"
3012,"Namysłów"
3013,"Krosno"
3014,"Ełk"
3015,"Długołęka"
3016,"Elbląg"
3017,"Oleśnica"
3018,"Przytoczna"
3019,"Gubin"
3020,"Konin"
3021,"Zabrze"
3022,"Słońsk"
3023,"Słubice"
3024,"Augustów"
3025,"Legionowo"
3026,"Bełchatów"
3027,"Kołobrzeg"
3028,"Bolesławiec"
3029,"Działdowo"
3030,"Kozy  "
3031,"Świdnica"
3032,"Płock"
3033,"Wejherowo"
3034,"Małkinia Górna "
3035,"Sanok"
3036,"Tczew"
3037,"Starachowice"
3038,"Bielsk Podlaski"
3039,"Zabrze"
3040,"Chrzanów"
3041,"Krasne  "
3042,"Oleśnica"
3043,"Kalisz"
3044,"Wrocław"
3045,"Dywity  "
3046,"Ełk"
3047,"Olesno"
3048,"Wieliczka"
3049,"Oświęcim"
3050,"Kalisz"
3051,"Gorzyce  "
3052,"Zambrów"
3053,"Przemyśl"
3054,"Tczew"
3055,"Biała Podlaska"
3056,"Raczki  "
3057,"Zabrze"
3058,"Piła"
3059,"Kielce"
3060,"Słupsk"
3061,"Tarnobrzeg"
3062,"Chełmno"
3063,"Mińsk Mazowiecki"
3064,"Lidzbark Warmiński"
3065,"Nakło nad Notecią"
3066,"Jasło"
3067,"Bartoszyce"
3068,"Legnica"
3069,"Gubin"
3070,"Starachowice"
3071,"Reda"
3072,"Konin"
3073,"Dobrzeń Wielki "
3074,"Rzeszów"
3075,"Świnoujście"
3076,"Biała Podlaska"
3077,"Zielona Góra"
3078,"Bydgoszcz"
3079,"Puławy"
3080,"Gniezno"
3081,"Szczecin"
3082,"Słubice"
3083,"Tarnów"
3084,"Police"
3085,"Radom"
3086,"Dywity  "
3087,"Chojnice"
3088,"Elbląg"
3089,"Gdynia"
3090,"Międzyrzecz"
3091,"Piotrków Trybunalski"
3092,"Bielany Wrocławskie "
3093,"Czernikowo "
3094,"Bartoszyce"
3095,"Łódź"
3096,"Unisław "
3097,"Kalisz"
3098,"Piaseczno"
3099,"Starachowice"
3100,"Czernikowo "
3101,"Kozy  "
3102,"Zambrów"
3103,"Konin"
3104,"Nakło nad Notecią"
3105,"Kozy  "
3106,"Gorzów Wielkopolski"
3107,"Oława"
3108,"Opole"
3109,"Kielce"
2228,"Gorlice"
2229,"Oława"
2230,"Goleniów"
2231,"Gorzyce  "
2232,"Lubartów"
2233,"Prudnik"
2234,"Żary"
2235,"Oświęcim"
2236,"Dywity  "
2237,"Sosnowiec"
2238,"Zielonki "
2239,"Strzelce Opolskie"
2240,"Prudnik"
2241,"Stalowa Wola"
2242,"Nakło nad Notecią"
2243,"Lubartów"
2244,"Zamość"
2245,"Sierakowice  "
2246,"Płock"
2247,"Mielec"
2248,"Kutno"
2249,"Słubice"
2250,"Jasło"
2251,"Prudnik"
2252,"Wejherowo"
2253,"Skarżysko-Kamienna"
2254,"Elbląg"
2255,"Zgierz"
2256,"Sanok"
2257,"Hajnówka"
2258,"Unisław "
2259,"Puławy"
2260,"Zabrze"
2261,"Bielsk Podlaski"
2262,"Skawina"
2263,"Płock"
2264,"Czernikowo "
2265,"Przytoczna"
2266,"Łomża"
2267,"Włocławek"
2268,"Łowicz"
2269,"Włocławek"
2270,"Biała Podlaska"
2271,"Gorlice"
2272,"Krasnystaw"
2273,"Dywity  "
2274,"Rypin "
2275,"Konin"
2276,"Opole"
2277,"Śrem"
2278,"Kostrzyn"
2279,"Gliwice"
2280,"Radomsko"
2281,"Zakopane"
2282,"Unisław "
2283,"Szczecin"
2284,"Zakopane"
2285,"Kielce"
2286,"Gubin"
2287,"Opole"
2288,"Tomaszów Mazowiecki"
2289,"Rzeszów"
2290,"Świnoujście"
2291,"Ostrowiec Świętokrzyski"
2292,"Suwałki"
2293,"Legnica"
2294,"Kutno"
2295,"Luzino  "
2296,"Września"
2297,"Staszów"
2298,"Warszawa"
2299,"Chełmno"
2300,"Iława"
2301,"Bielsko-Biała"
2302,"Słońsk"
2303,"Oleśnica"
2304,"Unisław "
2305,"Nysa"
2306,"Włocławek"
2307,"Rumia"
2308,"Brzeg"
2309,"Konin"
2310,"Opole"
2311,"Gniezno"
2312,"Kętrzyn"
2313,"Zambrów"
2314,"Chełm "
2315,"Tłuszcz"
2316,"Bieliny"
2317,"Zakopane"
2318,"Lidzbark Warmiński"
2319,"Kostrzyn"
2320,"Oleśnica"
2321,"Kutno"
2322,"Kostrzyn"
2323,"Gorlice"
2324,"Małkinia Górna "
2325,"Piła"
2326,"Prudnik"
2327,"Krasnystaw"
2328,"Słupsk"
2329,"Mońki"
2330,"Kołobrzeg"
2331,"Jasło"
2332,"Rokietnica  "
2333,"Starachowice"
2334,"Zakopane"
2335,"Bolesławiec"
2336,"Bieliny"
2337,"Opole"
2338,"Lubin"
2339,"Unisław "
2340,"Świnoujście"
2341,"Międzyrzecz"
2342,"Lubartów"
2343,"Jelenia Góra"
2344,"Bartoszyce"
2345,"Chojnice"
2346,"Poznań"
2347,"Pawłowice"
2348,"Reda"
2349,"Łęczna"
2350,"Skawina"
2351,"Zielona Góra"
2352,"Chojnice"
2353,"Mielec"
2354,"Mielec"
2355,"Dębica"
2356,"Międzyrzecz"
2357,"Kutno"
2358,"Zabrze"
2359,"Oświęcim"
2360,"Gniezno"
2361,"Świdnica"
2362,"Sopot"
2363,"Kostrzyn"
2364,"Bielsko-Biała"
2365,"Bielany Wrocławskie "
2366,"Jarosław"
2367,"Kutno"
2368,"Staszów"
2369,"Mielec"
2370,"Mielec"
2371,"Rumia"
2372,"Września"
2373,"Słońsk"
2374,"Oświęcim"
2375,"Police"
2376,"Szczecin"
2377,"Bydgoszcz"
2378,"Kędzierzyn-Koźle"
2379,"Leszno"
2380,"Olesno"
2381,"Zamość"
2382,"Długołęka"
2383,"Hajnówka"
2384,"Augustów"
2385,"Oława"
2386,"Zielonki "
2387,"Końskie"
2388,"Warszawa"
2389,"Mińsk Mazowiecki"
2390,"Raczki  "
2391,"Bydgoszcz"
2392,"Stalowa Wola"
2393,"Pruszków"
2394,"Tarnobrzeg"
2395,"Sanok"
2396,"Ruda Śląska"
2397,"Jelenia Góra"
2398,"Zamość"
2399,"Nowy Targ"
2400,"Włocławek"
2401,"Goleniów"
2402,"Koszalin"
2403,"Strzelce Opolskie"
2404,"Międzyrzecz"
2405,"Kutno"
2406,"Jarosław"
2407,"Gdańsk"
2408,"Chełm "
2409,"Mińsk Mazowiecki"
2410,"Radomsko"
2411,"Chrzanów"
2412,"Rokietnica  "
2413,"Grajewo"
2414,"Jasło"
2415,"Koszalin"
2416,"Prudnik"
2417,"Busko-Zdrój"
2418,"Inowrocław "
2419,"Działdowo"
2420,"Września"
2421,"Augustów"
2422,"Kluczbork"
2423,"Tychy"
2424,"Częstochowa"
2425,"Nowy Targ"
2426,"Bieliny"
2427,"Kętrzyn"
2428,"Zambrów"
2429,"Jabłonna  "
2430,"Łódź"
2431,"Tarnobrzeg"
2432,"Namysłów"
2433,"Siedlce"
2434,"Bielsk Podlaski"
2435,"Przemyśl"
2436,"Krasnystaw"
2437,"Tarnów Opolski "
2438,"Pruszków"
2439,"Ostróda"
2440,"Kalisz"
2441,"Kozy  "
2442,"Śrem"
2443,"Katowice"
2444,"Staszów"
2445,"Siedlce"
2446,"Bielany Wrocławskie "
2447,"Mińsk Mazowiecki"
2448,"Jasło"
2449,"Jelenia Góra"
2450,"Żary"
2451,"Końskie"
2452,"Czernikowo "
2453,"Raczki  "
2454,"Prudnik"
2455,"Świecie"
2456,"Jabłonna  "
2457,"Świdnica"
2458,"Krasnystaw"
2459,"Kluczbork"
2460,"Prudnik"
2461,"Toruń"
2462,"Wrocław"
2463,"Lisia Góra "
2464,"Radom"
2465,"Olsztyn"
2466,"Dęblin"
2467,"Świnoujście"
2468,"Oława"
2469,"Sierakowice  "
2470,"Raczki  "
2471,"Zabrze"
2472,"Sławno"
2473,"Sandomierz"
2474,"Wieliczka"
2475,"Skierniewice"
2476,"Długołęka"
2477,"Brzeg"
2478,"Śrem"
2479,"Kraśnik"
2480,"Zabrze"
2481,"Iława"
2482,"Bytom"
2483,"Kielce"
2484,"Olsztyn"
2485,"Chrzanów"
2486,"Toruń"
2487,"Andrespol"
2488,"Żagań "
2489,"Łowicz"
2490,"Kętrzyn"
2491,"Nowogard"
2492,"Świdnica"
2493,"Nysa"
2494,"Starogard Gdański"
2495,"Katowice"
2496,"Sopot"
2497,"Krosno"
2498,"Świeszyno "
2499,"Mielec"
2500,"Gorzów Wielkopolski"
2501,"Tczew"
2502,"Rokietnica  "
2503,"Zakopane"
2504,"Sanok"
2505,"Chełm "
2506,"Długołęka"
2507,"Świecie"
2508,"Sławno"
2509,"Legionowo"
2510,"Przemyśl"
2511,"Namysłów"
2512,"Mielec"
2513,"Krosno"
2514,"Tychy"
2515,"Unisław "
2516,"Kutno"
2517,"Rybnik"
2518,"Świdnica"
2519,"Dywity  "
2520,"Jasło"
2521,"Puławy"
2522,"Tarnów"
2523,"Gubin"
2524,"Głogówek"
2525,"Lubin"
2526,"Stargard"
2527,"Pruszków"
2528,"Świnoujście"
2529,"Nowa Sól"
2530,"Olsztyn"
2531,"Bielany Wrocławskie "
2532,"Sławno"
2533,"Tarnów"
2534,"Ustronie Morskie"
2535,"Legnica"
2536,"Gubin"
2537,"Wejherowo"
2538,"Rawicz"
2539,"Rokietnica  "
2540,"Piotrków Trybunalski"
2541,"Raczki  "
2542,"Strzelce Opolskie"
2543,"Częstochowa"
2544,"Reda"
2545,"Otwock"
2546,"Kozy  "
2547,"Bielsko-Biała"
2548,"Puławy"
2549,"Dobrzeń Wielki "
2550,"Kraków"
2551,"Iława"
2552,"Elbląg"
2553,"Zabrze"
2554,"Brodnica"
2555,"Końskie"
2556,"Elbląg"
2557,"Gdańsk"
2558,"Otwock"
2559,"Sławno"
2560,"Kalisz"
2561,"Lidzbark Warmiński"
2562,"Bolesławiec"
2563,"Gorzyce  "
2564,"Jasło"
2565,"Rzeszów"
2566,"Hajnówka"
2567,"Poznań"
2568,"Prudnik"
2569,"Legnica"
2570,"Komorniki  "
2571,"Radom"
2572,"Bielsk Podlaski"
2573,"Augustów"
2574,"Pawłowice"
2575,"Konin"
2576,"Goleniów"
2577,"Rokietnica  "
2578,"Prudnik"
2579,"Rokietnica  "
2580,"Głogówek"
2581,"Niemce"
2582,"Kurzętnik  "
2583,"Bolesławiec"
2584,"Łęczna"
2585,"Łomża"
2586,"Piła"
2587,"Lubartów"
2588,"Chrzanów"
2589,"Nowa Sól"
2590,"Zamość"
2591,"Bielsk Podlaski"
2592,"Ełk"
2593,"Rypin "
2594,"Zielonki "
2595,"Inowrocław "
2596,"Kraków"
2597,"Mielec"
2598,"Inowrocław "
2599,"Mońki"
2600,"Nowa Sól"
2601,"Wieliczka"
2602,"Gryfino"
2603,"Iława"
2604,"Tarnów Opolski "
2605,"Zambrów"
2606,"Skarżysko-Kamienna"
2607,"Strzelce Opolskie"
2608,"Siemiatycze"
2609,"Warszawa"
2610,"Zamość"
2611,"Rawicz"
2612,"Bielany Wrocławskie "
2613,"Warszawa"
2614,"Gubin"
2615,"Kołobrzeg"
2616,"Bielany Wrocławskie "
2617,"Jelenia Góra"
2618,"Krosno"
2619,"Nowy Sącz"
2620,"Lubartów"
2621,"Zamość"
2622,"Strzelce Opolskie"
2623,"Suwałki"
2624,"Tłuszcz"
2625,"Szczecin"
2626,"Szczytno"
2627,"Lidzbark Warmiński"
2628,"Olsztyn"
2629,"Jasło"
2630,"Lubartów"
2631,"Piaseczno"
2632,"Częstochowa"
2633,"Jabłonna  "
2634,"Zakopane"
2635,"Oleśnica"
2636,"Jasło"
2637,"Kutno"
2638,"Przytoczna"
2639,"Gorzów Wielkopolski"
2640,"Kętrzyn"
2641,"Gryfino"
2642,"Rzeszów"
2643,"Zgierz"
2644,"Skierniewice"
2645,"Gdańsk"
2646,"Iława"
2647,"Skierniewice"
2648,"Sandomierz"
2649,"Radomsko"
2650,"Krasnystaw"
2651,"Ustronie Morskie"
2652,"Reda"
2653,"Konin"
2654,"Gorlice"
2655,"Włocławek"
2656,"Iława"
2657,"Końskie"
2658,"Krosno"
2659,"Mińsk Mazowiecki"
2660,"Augustów"
2661,"Unisław "
2662,"Nowogard"
2663,"Chełmno"
2664,"Ustronie Morskie"
2665,"Świecie"
2666,"Mońki"
2667,"Głogów"
2668,"Bielany Wrocławskie "
2669,"Luzino  "
2670,"Rokietnica  "
2671,"Sanok"
2672,"Skarżysko-Kamienna"
2673,"Radomsko"
2674,"Chełm "
2675,"Świnoujście"
2676,"Szczecin"
2677,"Nysa"
2678,"Chrzanów"
2679,"Aleksandrów"
2680,"Gorzów Wielkopolski"
2681,"Brzeg"
2682,"Ostrów Wielkopolski"
2683,"Rokietnica  "
2684,"Rumia"
5131,"Dębica"
5132,"Dobrzeń Wielki "
5133,"Reda"
5134,"Miedziana Góra "
5135,"Opole"
5136,"Przemyśl"
5137,"Komorniki  "
5138,"Zamość"
5139,"Ustronie Morskie"
5140,"Kluczbork"
5141,"Kozy  "
5142,"Leszno"
5143,"Raczki  "
5144,"Bielsk Podlaski"
5145,"Unisław "
5146,"Zambrów"
5147,"Działdowo"
5148,"Gubin"
5149,"Luzino  "
5150,"Zambrów"
5151,"Jelenia Góra"
5152,"Sandomierz"
5153,"Słońsk"
5154,"Starogard Gdański"
5155,"Katowice"
5156,"Dębica"
5157,"Jelenia Góra"
5158,"Ostróda"
5159,"Rypin "
5160,"Świdnica"
5161,"Puławy"
5162,"Oleśnica"
5163,"Żary"
5164,"Elbląg"
5165,"Kozy  "
5166,"Tłuszcz"
5167,"Kołobrzeg"
5168,"Białystok"
5169,"Świnoujście"
5170,"Kutno"
5171,"Zambrów"
5172,"Rybnik"
5173,"Słubice"
5174,"Brodnica"
5175,"Ostrów Wielkopolski"
5176,"Wieliczka"
5177,"Sanok"
5178,"Ostrowiec Świętokrzyski"
5179,"Łódź"
5180,"Słońsk"
5181,"Międzyrzecz"
5182,"Stargard"
5183,"Krasnystaw"
5184,"Rawicz"
5185,"Kętrzyn"
5186,"Jabłonna  "
5187,"Oświęcim"
5188,"Siedlce"
5189,"Goleniów"
5190,"Biała Podlaska"
5191,"Tomaszów Mazowiecki"
5192,"Pruszków"
5193,"Białystok"
5194,"Łomża"
5195,"Ełk"
5196,"Iława"
5197,"Legnica"
5198,"Kozy  "
5199,"Sierakowice  "
5200,"Skarżysko-Kamienna"
5201,"Ostróda"
5202,"Kluczbork"
5203,"Dywity  "
5204,"Krasne  "
5205,"Ksawerów  "
5206,"Komorniki  "
5207,"Legionowo"
5208,"Bieliny"
5209,"Żagań "
5210,"Brodnica"
5211,"Końskie"
5212,"Niemce"
5213,"Inowrocław "
5214,"Krasnystaw"
5215,"Słupsk"
5216,"Brzeg"
5217,"Chełm "
5218,"Skierniewice"
5219,"Piła"
5220,"Oława"
5221,"Pruszków"
5222,"Końskie"
5223,"Zabrze"
5224,"Piła"
5225,"Lidzbark Warmiński"
5226,"Bydgoszcz"
5227,"Andrespol"
5228,"Biała Podlaska"
5229,"Jasło"
5230,"Hajnówka"
5231,"Przytoczna"
5232,"Białystok"
5233,"Sieradz"
5234,"Kurzętnik  "
5235,"Lisia Góra "
5236,"Inowrocław "
5237,"Rybnik"
5238,"Jelenia Góra"
5239,"Strzelce Opolskie"
5240,"Kędzierzyn-Koźle"
5241,"Sopot"
5242,"Sulechów"
5243,"Jabłonna  "
5244,"Kutno"
5245,"Bolesławiec"
5246,"Łódź"
5247,"Łódź"
5248,"Tłuszcz"
5249,"Dębica"
5250,"Sandomierz"
5251,"Otwock"
5252,"Wrocław"
5253,"Katowice"
5254,"Długołęka"
5255,"Bydgoszcz"
5256,"Andrespol"
5257,"Gliwice"
5258,"Legionowo"
5259,"Jabłonna  "
5260,"Rokietnica  "
5261,"Sanok"
5262,"Małkinia Górna "
5263,"Słupsk"
5264,"Aleksandrów"
5265,"Świeszyno "
5266,"Nowy Sącz"
5267,"Tomaszów Mazowiecki"
5268,"Rawicz"
5269,"Mońki"
5270,"Nowogard"
5271,"Głogów"
5272,"Nowy Sącz"
5273,"Siemiatycze"
5274,"Biała Podlaska"
5275,"Ełk"
5276,"Lisia Góra "
5277,"Koszalin"
5278,"Hajnówka"
5279,"Mielec"
5280,"Ostrów Wielkopolski"
5281,"Stalowa Wola"
5282,"Gdynia"
5283,"Bartoszyce"
5284,"Bydgoszcz"
5285,"Ostróda"
5286,"Chojnice"
5287,"Świdnica"
5288,"Wieliczka"
5289,"Legionowo"
5290,"Olsztyn"
5291,"Skarżysko-Kamienna"
5292,"Końskie"
5293,"Szczytno"
5294,"Szczecin"
5295,"Pruszków"
5296,"Białystok"
5297,"Piła"
5298,"Hajnówka"
5299,"Goleniów"
5300,"Puławy"
5301,"Konin"
5302,"Ruda Śląska"
5303,"Kętrzyn"
5304,"Suwałki"
5305,"Września"
5306,"Zgierz"
5307,"Grudziądz"
5308,"Działdowo"
5309,"Bartoszyce"
5310,"Zakopane"
5311,"Brzeg"
5312,"Namysłów"
5313,"Bełchatów"
5314,"Kraśnik"
5315,"Ełk"
5316,"Tłuszcz"
5317,"Nowy Targ"
5318,"Pruszków"
5319,"Wejherowo"
5320,"Hajnówka"
5321,"Sandomierz"
5322,"Kluczbork"
5323,"Włocławek"
5324,"Legionowo"
5325,"Gdańsk"
5326,"Wrocław"
5327,"Świecie"
5328,"Skawina"
5329,"Tłuszcz"
5330,"Łowicz"
5331,"Głogów"
5332,"Dęblin"
5333,"Skawina"
5334,"Namysłów"
5335,"Opole"
5336,"Rumia"
5337,"Czernikowo "
5338,"Ełk"
5339,"Bieliny"
5340,"Ostróda"
5341,"Małkinia Górna "
5342,"Sławno"
5343,"Kraśnik"
5344,"Skierniewice"
5345,"Głogów"
5346,"Jędrzejów"
5347,"Sopot"
5348,"Września"
5349,"Kętrzyn"
5350,"Augustów"
5351,"Łowicz"
5352,"Oleśnica"
5353,"Sieradz"
5354,"Wałbrzych"
5355,"Końskie"
5356,"Siedlce"
5357,"Toruń"
5358,"Krosno"
5359,"Przytoczna"
5360,"Gliwice"
5361,"Bydgoszcz"
5362,"Bielsk Podlaski"
5363,"Ustronie Morskie"
5364,"Ksawerów  "
5365,"Nowa Sól"
5366,"Tczew"
5367,"Stalowa Wola"
5368,"Czernikowo "
5369,"Kozy  "
5370,"Nakło nad Notecią"
5371,"Pawłowice"
5372,"Kozy  "
5373,"Działdowo"
5374,"Mońki"
5375,"Kędzierzyn-Koźle"
5376,"Kurzętnik  "
5377,"Wejherowo"
5378,"Strzelce Opolskie"
5379,"Kędzierzyn-Koźle"
5380,"Rokietnica  "
5381,"Puławy"
5382,"Gryfino"
5383,"Unisław "
5384,"Jędrzejów"
5385,"Siedlce"
5386,"Legnica"
5387,"Brodnica"
5388,"Płock"
5389,"Lubartów"
5390,"Rokietnica  "
5391,"Grajewo"
5392,"Sławno"
5393,"Świecie"
5394,"Wrocław"
5395,"Zgierz"
5396,"Tarnów Opolski "
5397,"Kędzierzyn-Koźle"
5398,"Reda"
5399,"Aleksandrów"
5400,"Zambrów"
5401,"Świecie"
5402,"Goleniów"
5403,"Świecie"
5404,"Oświęcim"
5405,"Nowa Sól"
5406,"Bolesławiec"
5407,"Sandomierz"
5408,"Krosno"
5409,"Zambrów"
5410,"Augustów"
5411,"Goleniów"
5412,"Tczew"
5413,"Chełm "
5414,"Sulechów"
5415,"Łomża"
5416,"Aleksandrów"
5417,"Skierniewice"
5418,"Bolesławiec"
5419,"Stalowa Wola"
5420,"Ełk"
5421,"Poznań"
5422,"Tomaszów Mazowiecki"
5423,"Andrespol"
5424,"Kostrzyn"
5425,"Częstochowa"
5426,"Siedlce"
5427,"Komorniki  "
5428,"Szczecin"
5429,"Świecie"
5430,"Radom"
5431,"Rokietnica  "
5432,"Aleksandrów"
5433,"Rokietnica  "
5434,"Oświęcim"
5435,"Reda"
5436,"Busko-Zdrój"
5437,"Świecie"
5438,"Dęblin"
5439,"Kielce"
5440,"Jelenia Góra"
5441,"Sulechów"
5442,"Starachowice"
5802,"Głogów"
5803,"Rypin "
5804,"Nowogard"
5805,"Staszów"
5806,"Augustów"
5781,"Sieradz"
5782,"Gryfino"
5783,"Kielce"
5443,"Gniezno"
5444,"Kutno"
5445,"Police"
5446,"Kalisz"
5447,"Leszno"
5448,"Gorzyce  "
5449,"Sieradz"
5450,"Jasło"
5451,"Rybnik"
5452,"Dobrzeń Wielki "
5453,"Wieliczka"
5454,"Hrubieszów"
5455,"Ełk"
5456,"Puławy"
5457,"Brzeg"
5458,"Puławy"
5459,"Ustronie Morskie"
5460,"Kalisz"
5461,"Brodnica"
5462,"Nakło nad Notecią"
5463,"Warszawa"
5464,"Mielec"
5465,"Pińczów"
5466,"Kielce"
5467,"Chełmno"
5468,"Kielce"
5469,"Tomaszów Mazowiecki"
5470,"Busko-Zdrój"
5471,"Żagań "
5472,"Nakło nad Notecią"
5473,"Słupsk"
5474,"Staszów"
5475,"Łowicz"
5476,"Kraków"
5477,"Oświęcim"
5478,"Jelenia Góra"
5479,"Łowicz"
5480,"Piła"
5481,"Głogówek"
5482,"Ostrowiec Świętokrzyski"
5483,"Słońsk"
5484,"Katowice"
5485,"Rokietnica  "
5486,"Radom"
5487,"Tarnobrzeg"
5488,"Tarnów"
5489,"Zambrów"
5490,"Nakło nad Notecią"
5491,"Zielona Góra"
5492,"Skarżysko-Kamienna"
5493,"Ustronie Morskie"
5494,"Stalowa Wola"
5495,"Gdynia"
5496,"Łódź"
5497,"Piaseczno"
5498,"Zamość"
5499,"Żary"
5500,"Żagań "
5501,"Leszno"
3141,"Lubartów"
4981,"Luzino  "
4982,"Gorlice"
4983,"Dobrzeń Wielki "
4984,"Inowrocław "
4985,"Skarżysko-Kamienna"
4986,"Nowogard"
4987,"Sieradz"
4988,"Strzelce Opolskie"
4989,"Głogówek"
4990,"Aleksandrów"
4991,"Busko-Zdrój"
4992,"Sieradz"
4993,"Łomża"
4994,"Busko-Zdrój"
4995,"Dęblin"
4996,"Ostrów Wielkopolski"
4997,"Gubin"
4998,"Krasnystaw"
4999,"Lisia Góra "
5000,"Brodnica"
5001,"Kraków"
5002,"Kraśnik"
5003,"Lubin"
5004,"Nowy Targ"
5005,"Brzeg"
5006,"Skarżysko-Kamienna"
5007,"Ostróda"
5008,"Radomsko"
5009,"Warszawa"
5010,"Krosno"
5011,"Nowa Sól"
5012,"Zielonki "
5013,"Czernikowo "
5014,"Sandomierz"
5015,"Częstochowa"
5016,"Konin"
5017,"Kurzętnik  "
5018,"Chełm "
5019,"Jelenia Góra"
5020,"Konin"
5021,"Namysłów"
5022,"Kalisz"
5023,"Lidzbark Warmiński"
5024,"Wejherowo"
5025,"Chojnice"
5026,"Rypin "
5027,"Brodnica"
5028,"Ostrów Wielkopolski"
5029,"Rawicz"
5030,"Krasnystaw"
5031,"Kozy  "
5032,"Niemce"
5033,"Jelenia Góra"
5034,"Strzelce Opolskie"
5035,"Jabłonna  "
5036,"Częstochowa"
5037,"Skierniewice"
5038,"Bielsko-Biała"
5039,"Ostrowiec Świętokrzyski"
5040,"Prudnik"
5041,"Sandomierz"
5042,"Zielonki "
5043,"Mińsk Mazowiecki"
5044,"Przytoczna"
5045,"Bielany Wrocławskie "
5046,"Chełm "
5047,"Jabłonna  "
5048,"Elbląg"
5049,"Police"
5050,"Chojnice"
5051,"Kędzierzyn-Koźle"
5052,"Bielsko-Biała"
5053,"Iława"
5054,"Strzelce Opolskie"
5055,"Łowicz"
5056,"Jarosław"
5057,"Jelenia Góra"
5058,"Krosno"
5059,"Ostrowiec Świętokrzyski"
5060,"Ostrowiec Świętokrzyski"
5061,"Tarnów"
5062,"Częstochowa"
5063,"Gdynia"
5064,"Wałbrzych"
5065,"Radomsko"
5066,"Tychy"
5067,"Działdowo"
5068,"Łowicz"
5069,"Puławy"
5070,"Andrespol"
5071,"Radomsko"
5072,"Głogów"
5073,"Kostrzyn"
5074,"Gorzyce  "
5075,"Bełchatów"
5076,"Lubin"
5077,"Rybnik"
5078,"Bartoszyce"
5079,"Bielsko-Biała"
5080,"Elbląg"
5081,"Żary"
5082,"Dywity  "
5083,"Kielce"
5084,"Gdynia"
5085,"Długołęka"
5086,"Kędzierzyn-Koźle"
5087,"Łowicz"
5088,"Grudziądz"
5089,"Dobrzeń Wielki "
5090,"Wrocław"
5091,"Kielce"
5092,"Tarnobrzeg"
5093,"Słubice"
5094,"Nysa"
5095,"Bełchatów"
5096,"Przemyśl"
5097,"Jędrzejów"
5098,"Andrespol"
5099,"Lubin"
5100,"Gorzyce  "
5101,"Kutno"
5102,"Dywity  "
5103,"Zambrów"
5104,"Luzino  "
5105,"Bielsko-Biała"
5106,"Staszów"
5107,"Staszów"
5108,"Grudziądz"
5109,"Słupsk"
5110,"Świdnica"
5111,"Rumia"
5112,"Nowy Targ"
5113,"Słubice"
5114,"Krasnystaw"
5115,"Nakło nad Notecią"
5116,"Wałbrzych"
5117,"Jarosław"
5118,"Stalowa Wola"
5119,"Brodnica"
5120,"Radomsko"
5121,"Unisław "
5122,"Radom"
5123,"Bielsk Podlaski"
5124,"Ełk"
5125,"Lisia Góra "
5126,"Kluczbork"
5127,"Świecie"
5128,"Sandomierz"
5129,"Niemce"
5130,"Kozy  "
